peptide,source_protein,start,end,matched_sequence,mutations
TAILRKATR,PB2 (P03428),371,379,TAILRKATR,
EGYEEFTMVGR,PB2 (P03428),358,368,EGYEEFTMVGR,
ELRNLMSQSR,PB2 (P03428),6,15,ELRNLMSQSR,
DLNFVNRANQR,PB2 (P03428),417,427,DLNFVNRANQR,
GQYSGFVRT,PB2 (P03428),590,598,GQYSGFVRT,
SADPLASLLEM,PB2 (P03428),273,283,SADPLASLLEM,
QYSGFVRT,PB2 (P03428),591,598,QYSGFVRT,
TEEQAVDICKA,PB2 (P03428),303,313,TEEQAVDICKA,
KMNDAGSDR,PB2 (P03428),80,88,KMNDAGSDR,
SSFSFGGFTFK,PB2 (P03428),321,331,SSFSFGGFTFK,
AVRGDLNFVNR,PB2 (P03428),413,423,AVRGDLNFVNR,
DPLASLLEM,PB2 (P03428),275,283,DPLASLLEM,
EILTKTTVDHM,PB2 (P03428),18,28,EILTKTTVDHM,
VLGTFDTAQII,PB2 (P03428),606,616,VLGTFDTAQII,
DVYRDEALNNR,HKx31_HA_translation_frame_+3 (HKx31_HA_translation_frame_+3),514,524,DVYRDEALNNR,
SNGNLIAPR,HKx31_HA_translation_frame_+3 (HKx31_HA_translation_frame_+3),272,280,SNGNLIAPR,
ETWDLFVER,HKx31_HA_translation_frame_+3 (HKx31_HA_translation_frame_+3),107,115,ETWDLFVER,
LENQHTIDL,HKx31_HA_translation_frame_+3 (HKx31_HA_translation_frame_+3),456,464,LENQHTIDL,
NSNGNLIAPR,HKx31_HA_translation_frame_+3 (HKx31_HA_translation_frame_+3),271,280,NSNGNLIAPR,
TITDDQIEVTN,HKx31_HA_translation_frame_+3 (HKx31_HA_translation_frame_+3),53,63,TITDDQIEVTN,
TWDLFVER,HKx31_HA_translation_frame_+3 (HKx31_HA_translation_frame_+3),108,115,TWDLFVER,
LYGFIIKGR,PR8_PA_translation_frame_+1 (PR8_PA_translation_frame_+1),508,516,LYGFIIKGR,
ERFEITGTMR,PR8_PA_translation_frame_+1 (PR8_PA_translation_frame_+1),211,220,ERFEITGTMR,
MTKEFFENK,PR8_PA_translation_frame_+1 (PR8_PA_translation_frame_+1),615,623,MTKEFFENK,
MEFSLTDPR,PR8_PA_translation_frame_+1 (PR8_PA_translation_frame_+1),531,539,MEFSLTDPR,
ESLKLYRDSLGEAVMR,NS (P03508_26E),36,51,ESLKLYRDSLGEAVMR,
TQFESLKL,NS (P03508_26E),33,40,TQFESLKL,
LYRDSLGEAVMR,NS (P03508_26E),40,51,LYRDSLGEAVMR,
TFMQALHLL,NS (P03508_26E),98,106,TFMQALHLL,
DSLGEAVMR,NS (P03508_26E),43,51,DSLGEAVMR,
NNMDKAVKLYR,M (P03485),91,101,NNMDKAVKLYR,
FTLTVPSER,M (P03485),64,72,FTLTVPSER,
MVLASTTAK,M (P03485),179,187,MVLASTTAK,
ENLQAYQKR,M (P03485),235,243,ENLQAYQKR,
TTNPLIRHENR,M (P03485),168,178,TTNPLIRHENR,
EAMEVASQAR,M (P03485),201,210,EAMEVASQAR,
LTEVETYV,M (P03485),4,11,LTEVETYV,
EVASQARQMV,M (P03485),204,213,EVASQARQMV,
ETMESSTLELRSR,NP (P03466),372,384,ETMESSTLELRSR,
EFEDLTFLAR,NP (P03466),252,261,EFEDLTFLAR,
ETMESSTLELR,NP (P03466),372,382,ETMESSTLELR,
ESSTLELRSR,NP (P03466),375,384,ESSTLELRSR,
SPIVPSFDM,NP (P03466),473,481,SPIVPSFDM,
NLNDATYQR,NP (P03466),142,150,NLNDATYQR,
NLNDATYQRTR,NP (P03466),142,152,NLNDATYQRTR,
TFLARSALILR,NP (P03466),257,267,TFLARSALILR,
ELKLSDYEGR,NP (P03466),46,55,ELKLSDYEGR,
ESSTLELR,NP (P03466),375,382,ESSTLELR,
IQPTFSVQRNLPFDR,NP (P03466),408,422,IQPTFSVQRNLPFDR,
ARSALILR,NP (P03466),260,267,ARSALILR,
IQPTFSVQRNLPFD,NP (P03466),408,421,IQPTFSVQRNLPFD,
MSNEGSYF,NP (P03466),481,488,MSNEGSYF,
DATYQRTRALVR,NP (P03466),145,156,DATYQRTRALVR,
RALVRTGMDPR,NP (P03466),152,162,RALVRTGMDPR,
ELKLSDYEGRLIQ,NP (P03466),46,58,ELKLSDYEGRLIQ,
RSGGNTNQQR,NP (P03466),391,400,RSGGNTNQQR,
RRIWRQANN,NP (P03466),117,125,RRIWRQANN,
ISIQPTFSVQRNLPF,NP (P03466),406,420,ISIQPTFSVQRNLPF,
RNFWRGENGR,NP (P03466),204,213,RNFWRGENGR,
SARPEDVSFQGR,NP (P03466),450,461,SARPEDVSFQGR,
FSVQRNLPF,NP (P03466),412,420,FSVQRNLPF,
DVYRDEALNNR,HA (Q91MA7_198I),505,515,DVYRDEALNNR,
SNGNLIAPR,HA (Q91MA7_198I),263,271,SNGNLIAPR,
ETWDLFVER,HA (Q91MA7_198I),98,106,ETWDLFVER,
LENQHTIDL,HA (Q91MA7_198I),447,455,LENQHTIDL,
NSNGNLIAPR,HA (Q91MA7_198I),262,271,NSNGNLIAPR,
TITDDQIEVTN,HA (Q91MA7_198I),44,54,TITDDQIEVTN,
TWDLFVER,HA (Q91MA7_198I),99,106,TWDLFVER,
NNMDKAVKLYR,PR8_M_translation_frame_+2 (PR8_M_translation_frame_+2),99,109,NNMDKAVKLYR,
FTLTVPSER,PR8_M_translation_frame_+2 (PR8_M_translation_frame_+2),72,80,FTLTVPSER,
MVLASTTAK,PR8_M_translation_frame_+2 (PR8_M_translation_frame_+2),187,195,MVLASTTAK,
ENLQAYQKR,PR8_M_translation_frame_+2 (PR8_M_translation_frame_+2),243,251,ENLQAYQKR,
TTNPLIRHENR,PR8_M_translation_frame_+2 (PR8_M_translation_frame_+2),176,186,TTNPLIRHENR,
EAMEVASQAR,PR8_M_translation_frame_+2 (PR8_M_translation_frame_+2),209,218,EAMEVASQAR,
LTEVETYV,PR8_M_translation_frame_+2 (PR8_M_translation_frame_+2),12,19,LTEVETYV,
EVASQARQMV,PR8_M_translation_frame_+2 (PR8_M_translation_frame_+2),212,221,EVASQARQMV,
DNMTKKMITQR,PR8_PB1_translation_frame_+1 (PR8_PB1_translation_frame_+1),201,211,DNMTKKMITQR,
MTKKMITQR,PR8_PB1_translation_frame_+1 (PR8_PB1_translation_frame_+1),203,211,MTKKMITQR,
HSWIPKRNR,PR8_PB1_translation_frame_+1 (PR8_PB1_translation_frame_+1),672,680,HSWIPKRNR,
FIKDYRYTYR,PR8_PB1_translation_frame_+1 (PR8_PB1_translation_frame_+1),559,568,FIKDYRYTYR,
NLYNIRNL,PR8_PB1_translation_frame_+1 (PR8_PB1_translation_frame_+1),605,612,NLYNIRNL,
ETMEVVQQTR,PR8_PB1_translation_frame_+1 (PR8_PB1_translation_frame_+1),117,126,ETMEVVQQTR,
TVNRTHQYSEK,PR8_PB1_translation_frame_+1 (PR8_PB1_translation_frame_+1),50,60,TVNRTHQYSEK,
TFPYTGDPPYS,PR8_PB1_translation_frame_+1 (PR8_PB1_translation_frame_+1),29,39,TFPYTGDPPYS,
PAEMLASIDLKYFND,PR8_PB1_translation_frame_+1 (PR8_PB1_translation_frame_+1),377,391,PAEMLASIDLKYFND,
TAILRKATR,PR8_PB2_translation_frame_+1 (PR8_PB2_translation_frame_+1),380,388,TAILRKATR,
EGYEEFTMVGR,PR8_PB2_translation_frame_+1 (PR8_PB2_translation_frame_+1),367,377,EGYEEFTMVGR,
ELRNLMSQSR,PR8_PB2_translation_frame_+1 (PR8_PB2_translation_frame_+1),15,24,ELRNLMSQSR,
DLNFVNRANQR,PR8_PB2_translation_frame_+1 (PR8_PB2_translation_frame_+1),426,436,DLNFVNRANQR,
GQYSGFVRT,PR8_PB2_translation_frame_+1 (PR8_PB2_translation_frame_+1),599,607,GQYSGFVRT,
SADPLASLLEM,PR8_PB2_translation_frame_+1 (PR8_PB2_translation_frame_+1),282,292,SADPLASLLEM,
QYSGFVRT,PR8_PB2_translation_frame_+1 (PR8_PB2_translation_frame_+1),600,607,QYSGFVRT,
TEEQAVDICKA,PR8_PB2_translation_frame_+1 (PR8_PB2_translation_frame_+1),312,322,TEEQAVDICKA,
KMNDAGSDR,PR8_PB2_translation_frame_+1 (PR8_PB2_translation_frame_+1),89,97,KMNDAGSDR,
SSFSFGGFTFK,PR8_PB2_translation_frame_+1 (PR8_PB2_translation_frame_+1),330,340,SSFSFGGFTFK,
AVRGDLNFVNR,PR8_PB2_translation_frame_+1 (PR8_PB2_translation_frame_+1),422,432,AVRGDLNFVNR,
DPLASLLEM,PR8_PB2_translation_frame_+1 (PR8_PB2_translation_frame_+1),284,292,DPLASLLEM,
EILTKTTVDHM,PR8_PB2_translation_frame_+1 (PR8_PB2_translation_frame_+1),27,37,EILTKTTVDHM,
VLGTFDTAQII,PR8_PB2_translation_frame_+1 (PR8_PB2_translation_frame_+1),615,625,VLGTFDTAQII,
SIIFNMER,PR8_PB2_translation_frame_+1 (PR8_PB2_translation_frame_+1),5,12,SIIFNMER,
SESRSIIF,PR8_PB2_translation_frame_+1 (PR8_PB2_translation_frame_+1),1,8,SESRSIIF,
AKFHHCLL,PR8_NS_translation_frame_+1 (PR8_NS_translation_frame_+1),167,174,AKFHHCLL,
ESLKLYRDSLGEAVMR,PR8_NS_translation_frame_+1 (PR8_NS_translation_frame_+1),202,217,ESLKLYRDSLGEAVMR,
TQFESLKL,PR8_NS_translation_frame_+1 (PR8_NS_translation_frame_+1),199,206,TQFESLKL,
LYRDSLGEAVMR,PR8_NS_translation_frame_+1 (PR8_NS_translation_frame_+1),206,217,LYRDSLGEAVMR,
TFMQALHLL,PR8_NS_translation_frame_+1 (PR8_NS_translation_frame_+1),264,272,TFMQALHLL,
DSLGEAVMR,PR8_NS_translation_frame_+1 (PR8_NS_translation_frame_+1),209,217,DSLGEAVMR,
STLGLDIKTATR,PR8_NS_translation_frame_+3 (PR8_NS_translation_frame_+3),56,67,STLGLDIKTATR,
IFDRLETLI,PR8_NS_translation_frame_+3 (PR8_NS_translation_frame_+3),145,153,IFDRLETLI,
EMAGTIRSEV,PR8_NS_translation_frame_+3 (PR8_NS_translation_frame_+3),229,238,EMAGTIRSEV,
ETLQRFAWR,PR8_NS_translation_frame_+3 (PR8_NS_translation_frame_+3),204,212,ETLQRFAWR,
FYVELIRGR,NA (Q91MA2),422,430,FYVELIRGR,
DNMTKKMITQR,PR8_NP_translation_frame_-1 (PR8_NP_translation_frame_-1),859,869,DNMTKKMITQR,
MTKKMITQR,PR8_NP_translation_frame_-1 (PR8_NP_translation_frame_-1),861,869,MTKKMITQR,
HSWIPKRNR,PR8_NP_translation_frame_-1 (PR8_NP_translation_frame_-1),1330,1338,HSWIPKRNR,
FIKDYRYTYR,PR8_NP_translation_frame_-1 (PR8_NP_translation_frame_-1),1217,1226,FIKDYRYTYR,
NLYNIRNL,PR8_NP_translation_frame_-1 (PR8_NP_translation_frame_-1),1263,1270,NLYNIRNL,
ETMEVVQQTR,PR8_NP_translation_frame_-1 (PR8_NP_translation_frame_-1),775,784,ETMEVVQQTR,
TVNRTHQYSEK,PR8_NP_translation_frame_-1 (PR8_NP_translation_frame_-1),708,718,TVNRTHQYSEK,
TFPYTGDPPYS,PR8_NP_translation_frame_-1 (PR8_NP_translation_frame_-1),687,697,TFPYTGDPPYS,
PAEMLASIDLKYFND,PR8_NP_translation_frame_-1 (PR8_NP_translation_frame_-1),1035,1049,PAEMLASIDLKYFND,
FYVELIRGR,HKx31_NA_translation_frame_+1 (HKx31_NA_translation_frame_+1),422,430,FYVELIRGR,
STLGLDIKTATR,NS (P03496_55K),48,59,STLGLDIKTATR,
IFDRLETLI,NS (P03496_55K),137,145,IFDRLETLI,
EMAGTIRSEV,NS (P03496_55K),221,230,EMAGTIRSEV,
ETLQRFAWR,NS (P03496_55K),196,204,ETLQRFAWR,
YTFGGFTTR,HKx31_HA_translation_frame_+1 (HKx31_HA_translation_frame_+1),203,211,YTFGGFTTR,
YTFGGFTTRA,HKx31_HA_translation_frame_+1 (HKx31_HA_translation_frame_+1),203,212,YTFGGFTTRA,
TTKSNVAVSHPR,PR8_PB2_translation_frame_+3 (PR8_PB2_translation_frame_+3),15,26,TTKSNVAVSHPR,
ETMESSTLELRSR,PR8_NP_translation_frame_+1 (PR8_NP_translation_frame_+1),387,399,ETMESSTLELRSR,
EFEDLTFLAR,PR8_NP_translation_frame_+1 (PR8_NP_translation_frame_+1),267,276,EFEDLTFLAR,
ETMESSTLELR,PR8_NP_translation_frame_+1 (PR8_NP_translation_frame_+1),387,397,ETMESSTLELR,
ESSTLELRSR,PR8_NP_translation_frame_+1 (PR8_NP_translation_frame_+1),390,399,ESSTLELRSR,
SPIVPSFDM,PR8_NP_translation_frame_+1 (PR8_NP_translation_frame_+1),488,496,SPIVPSFDM,
NLNDATYQR,PR8_NP_translation_frame_+1 (PR8_NP_translation_frame_+1),157,165,NLNDATYQR,
NLNDATYQRTR,PR8_NP_translation_frame_+1 (PR8_NP_translation_frame_+1),157,167,NLNDATYQRTR,
TFLARSALILR,PR8_NP_translation_frame_+1 (PR8_NP_translation_frame_+1),272,282,TFLARSALILR,
ELKLSDYEGR,PR8_NP_translation_frame_+1 (PR8_NP_translation_frame_+1),61,70,ELKLSDYEGR,
ESSTLELR,PR8_NP_translation_frame_+1 (PR8_NP_translation_frame_+1),390,397,ESSTLELR,
IQPTFSVQRNLPFDR,PR8_NP_translation_frame_+1 (PR8_NP_translation_frame_+1),423,437,IQPTFSVQRNLPFDR,
ARSALILR,PR8_NP_translation_frame_+1 (PR8_NP_translation_frame_+1),275,282,ARSALILR,
IQPTFSVQRNLPFD,PR8_NP_translation_frame_+1 (PR8_NP_translation_frame_+1),423,436,IQPTFSVQRNLPFD,
MSNEGSYF,PR8_NP_translation_frame_+1 (PR8_NP_translation_frame_+1),496,503,MSNEGSYF,
DATYQRTRALVR,PR8_NP_translation_frame_+1 (PR8_NP_translation_frame_+1),160,171,DATYQRTRALVR,
RALVRTGMDPR,PR8_NP_translation_frame_+1 (PR8_NP_translation_frame_+1),167,177,RALVRTGMDPR,
ELKLSDYEGRLIQ,PR8_NP_translation_frame_+1 (PR8_NP_translation_frame_+1),61,73,ELKLSDYEGRLIQ,
RSGGNTNQQR,PR8_NP_translation_frame_+1 (PR8_NP_translation_frame_+1),406,415,RSGGNTNQQR,
RRIWRQANN,PR8_NP_translation_frame_+1 (PR8_NP_translation_frame_+1),132,140,RRIWRQANN,
ISIQPTFSVQRNLPF,PR8_NP_translation_frame_+1 (PR8_NP_translation_frame_+1),421,435,ISIQPTFSVQRNLPF,
RNFWRGENGR,PR8_NP_translation_frame_+1 (PR8_NP_translation_frame_+1),219,228,RNFWRGENGR,
SARPEDVSFQGR,PR8_NP_translation_frame_+1 (PR8_NP_translation_frame_+1),465,476,SARPEDVSFQGR,
FSVQRNLPF,PR8_NP_translation_frame_+1 (PR8_NP_translation_frame_+1),427,435,FSVQRNLPF,
